{
  "Total" : {
    "transaction" : "Total",
    "sampleCount" : 15,
    "errorCount" : 2,
    "errorPct" : 13.333333,
    "meanResTime" : 135.86666666666665,
    "medianResTime" : 70.0,
    "minResTime" : 54.0,
    "maxResTime" : 849.0,
    "pct1ResTime" : 484.2000000000002,
    "pct2ResTime" : 849.0,
    "pct3ResTime" : 849.0,
    "throughput" : 0.23496608656150628,
    "receivedKBytesPerSec" : 0.6789234930841649,
    "sentKBytesPerSec" : 0.03877858264540485
  },
  "01_01 API_Catalogue" : {
    "transaction" : "01_01 API_Catalogue",
    "sampleCount" : 15,
    "errorCount" : 2,
    "errorPct" : 13.333333,
    "meanResTime" : 135.86666666666665,
    "medianResTime" : 70.0,
    "minResTime" : 54.0,
    "maxResTime" : 849.0,
    "pct1ResTime" : 484.2000000000002,
    "pct2ResTime" : 849.0,
    "pct3ResTime" : 849.0,
    "throughput" : 0.23496608656150628,
    "receivedKBytesPerSec" : 0.6789234930841649,
    "sentKBytesPerSec" : 0.03877858264540485
  },
  "Transaction_01_Catalogue" : {
    "transaction" : "Transaction_01_Catalogue",
    "sampleCount" : 20,
    "errorCount" : 2,
    "errorPct" : 10.0,
    "meanResTime" : 102.55000000000003,
    "medianResTime" : 64.5,
    "minResTime" : 0.0,
    "maxResTime" : 849.0,
    "pct1ResTime" : 227.4000000000003,
    "pct2ResTime" : 818.5999999999996,
    "pct3ResTime" : 849.0,
    "throughput" : 0.312417014230595,
    "receivedKBytesPerSec" : 0.6770357385538217,
    "sentKBytesPerSec" : 0.03867075835324992
  }
}