{
  "Total" : {
    "transaction" : "Total",
    "sampleCount" : 15,
    "errorCount" : 2,
    "errorPct" : 13.333333,
    "meanResTime" : 351.1333333333333,
    "medianResTime" : 169.0,
    "minResTime" : 70.0,
    "maxResTime" : 1876.0,
    "pct1ResTime" : 1425.4000000000003,
    "pct2ResTime" : 1876.0,
    "pct3ResTime" : 1876.0,
    "throughput" : 0.234587595007976,
    "receivedKBytesPerSec" : 0.6770815006177473,
    "sentKBytesPerSec" : 0.03917429565074599
  },
  "01_01 API_Catalogue" : {
    "transaction" : "01_01 API_Catalogue",
    "sampleCount" : 15,
    "errorCount" : 2,
    "errorPct" : 13.333333,
    "meanResTime" : 351.1333333333333,
    "medianResTime" : 169.0,
    "minResTime" : 70.0,
    "maxResTime" : 1876.0,
    "pct1ResTime" : 1425.4000000000003,
    "pct2ResTime" : 1876.0,
    "pct3ResTime" : 1876.0,
    "throughput" : 0.234587595007976,
    "receivedKBytesPerSec" : 0.6770815006177473,
    "sentKBytesPerSec" : 0.03917429565074599
  },
  "Transaction_01_Catalogue" : {
    "transaction" : "Transaction_01_Catalogue",
    "sampleCount" : 20,
    "errorCount" : 2,
    "errorPct" : 10.0,
    "meanResTime" : 263.70000000000005,
    "medianResTime" : 95.0,
    "minResTime" : 0.0,
    "maxResTime" : 1876.0,
    "pct1ResTime" : 1046.1000000000017,
    "pct2ResTime" : 1838.4499999999994,
    "pct3ResTime" : 1876.0,
    "throughput" : 0.3119200237059218,
    "receivedKBytesPerSec" : 0.6752124224098941,
    "sentKBytesPerSec" : 0.0390661553127778
  }
}